date,new_diagnoses,cum_diagnoses,new_recoveries,cum_recoveries,new_deaths,cum_deaths,cum_tests,new_tests,n_critical,1vac,2vac,positive_percent,yandex_index,asympt_percent
2020-03-12,0,0,0,0,0,0,,,,,,,1,
2020-03-13,0,0,0,0,0,0,,,0.0,,,,1,
2020-03-14,0,0,0,0,0,0,,,0.0,,,,2,4.0
2020-03-15,0,0,0,0,0,0,,,0.0,,,,3,
2020-03-16,0,0,0,0,0,0,,,0.0,,,,1,
2020-03-17,0,0,0,0,0,0,,,0.0,,,,1,
2020-03-18,1,1,0,0,0,0,,,0.0,,,,1,
2020-03-19,1,2,0,0,0,0,,,42.0,,,,1,
2020-03-20,2,4,0,0,0,0,,,,,,,1,
2020-03-21,0,4,0,0,0,0,,,73.0,,,,2,
2020-03-22,0,4,0,0,0,0,,,49.0,,,,3,
2020-03-23,0,4,0,0,0,0,,,,,,,1,43.0
2020-03-24,0,4,0,0,0,0,,,52.0,,,,1,46.0
2020-03-25,0,4,0,0,0,0,,,55.0,,,,1,
2020-03-26,1,5,0,0,0,0,,,57.0,,,,1,40.0
2020-03-27,0,5,0,0,0,0,,,66.0,,,,1,
2020-03-28,2,7,0,1,0,0,,,58.0,,,,3,41.0
2020-03-29,1,8,0,1,0,0,,,,,,,3,
2020-03-30,1,9,0,1,0,0,,,69.0,,,,2,
2020-03-31,0,9,0,1,0,0,,,68.0,,,,2,
2020-04-01,1,10,0,2,0,0,,,61.0,,,,3,
2020-04-02,0,10,0,2,0,0,,,56.0,,,,3,
2020-04-03,0,10,0,2,0,0,,,62.0,,,,3,37.0
2020-04-04,0,10,0,2,0,0,,,,,,,4,
2020-04-05,1,11,0,2,0,0,,,,,,,4,
2020-04-06,0,11,0,2,0,0,,,60.0,,,,2,
2020-04-07,0,11,0,2,0,0,,,55.0,,,,2,
2020-04-08,2,13,0,7,0,0,,,57.0,,,,2,
2020-04-09,5,18,0,7,0,0,,,54.0,,,,2,
2020-04-10,3,21,0,8,0,0,,,,,,,2,
2020-04-11,7,28,0,10,0,0,,,76.0,,,,3,
2020-04-12,0,28,0,10,0,0,,,,,,,3,
2020-04-13,8,36,0,10,0,0,,,125.0,,,,2,
2020-04-14,0,36,0,10,0,0,,,139.0,,,,2,
2020-04-15,17,53,0,12,0,0,,,133.0,,,,2,3.0
2020-04-16,11,64,0,14,1,1,,,126.0,,,,2,13.0
2020-04-17,12,76,0,16,1,2,,,137.0,,,,2,
2020-04-18,10,86,0,16,0,2,,,168.0,,,,3,
2020-04-19,22,108,0,16,1,3,,,197.0,,,,3,
2020-04-20,24,132,0,16,0,3,,,212.0,,,,2,23.0
2020-04-21,3,135,0,16,1,4,,,274.0,,,,2,
2020-04-22,16,151,0,21,0,4,,,304.0,,,,2,
2020-04-23,17,168,0,23,0,4,,,,,,,2,
2020-04-24,41,209,0,24,0,4,19388.0,,0.0,,,,2,
2020-04-25,38,247,0,39,0,4,22314.0,2926.0,0.0,,,,3,
2020-04-26,58,305,0,39,0,4,23261.0,947.0,26.0,,,,3,
2020-04-27,42,347,0,39,0,4,24819.0,1558.0,34.0,,,,2,
2020-04-28,60,407,0,53,0,4,27053.0,2234.0,34.0,,,,2,
2020-04-29,29,436,0,63,0,4,29672.0,2619.0,32.0,,,,2,
2020-04-30,35,471,0,78,0,4,33087.0,3415.0,17.0,,,,2,
2020-05-01,55,526,0,80,1,5,36423.0,3336.0,32.0,,,,3,
2020-05-02,43,569,0,105,2,7,38017.0,1594.0,37.0,,,,3,
2020-05-03,51,620,0,109,0,7,39461.0,1444.0,37.0,,,,3,
2020-05-04,61,681,0,150,2,9,41406.0,1945.0,36.0,,,,3,
2020-05-05,65,746,0,179,0,9,43787.0,2381.0,34.0,,,,3,
2020-05-06,63,809,0,184,2,11,46507.0,2720.0,44.0,,,,2,
2020-05-07,67,876,0,240,1,12,48810.0,2303.0,53.0,,,,2,
2020-05-08,73,949,0,262,0,12,51568.0,2758.0,54.0,,,,2,
2020-05-09,76,1025,44,306,2,14,55160.0,3592.0,48.0,,,,3,
2020-05-10,75,1100,1,307,1,15,56952.0,1792.0,51.0,,,,3,43.0
2020-05-11,71,1171,7,314,0,15,58274.0,1322.0,55.0,,,,2,45.0
2020-05-12,55,1226,14,338,1,16,60243.0,1969.0,55.0,,,,1,46.0
2020-05-13,74,1300,66,404,0,16,62933.0,2690.0,51.0,,,,1,
2020-05-14,76,1376,51,455,0,16,65842.0,2909.0,61.0,,,,1,
2020-05-15,71,1447,72,527,2,18,69170.0,3328.0,61.0,,,,1,
2020-05-16,64,1511,83,610,2,20,71892.0,2722.0,61.0,,,,2,49.0
2020-05-17,70,1581,28,638,0,20,73722.0,1830.0,56.0,,,,3,46.0
2020-05-18,71,1652,0,638,0,20,75132.0,1410.0,65.0,,,12.0,1,43.0
2020-05-19,76,1728,54,692,2,22,78026.0,2894.0,62.0,,,15.0,1,41.0
2020-05-20,77,1805,48,730,0,23,81554.0,3528.0,64.0,,,18.0,1,45.0
2020-05-21,76,1881,43,773,1,25,85268.0,3714.0,71.0,,,18.0,2,
2020-05-22,79,1960,53,826,2,25,89262.0,3994.0,67.0,,,17.0,1,44.0
2020-05-23,83,2043,56,882,2,27,92113.0,2851.0,61.0,,,19.0,2,47.0
2020-05-24,81,2124,9,891,2,29,93543.0,1430.0,69.0,,,14.0,3,51.0
2020-05-25,89,2213,0,891,0,29,95385.0,1842.0,66.0,,,0.0,1,49.0
2020-05-26,87,2300,0,891,1,30,98551.0,3166.0,59.0,,,17.0,1,49.0
2020-05-27,97,2397,11,902,1,31,101543.0,2992.0,64.0,,,19.0,1,42.0
2020-05-28,96,2493,53,955,0,31,104264.0,2721.0,70.0,,,18.0,1,46.0
2020-05-29,103,2596,62,1017,0,31,107491.0,3227.0,62.0,,,17.0,1,43.0
2020-05-30,109,2705,72,1089,1,32,110528.0,3037.0,66.0,,,15.0,2,44.0
2020-05-31,104,2809,30,1119,0,32,111873.0,1345.0,64.0,,,18.0,3,42.0
2020-06-01,105,2914,10,1129,1,33,114483.0,2610.0,67.0,,,18.0,1,45.0
2020-06-02,106,3020,85,1204,1,34,118027.0,3544.0,67.0,,,18.0,1,42.0
2020-06-03,102,3122,27,1262,0,34,122124.0,4097.0,72.0,,,19.0,1,40.0
2020-06-04,104,3226,44,1306,2,36,125010.0,2886.0,75.0,,,20.0,1,43.0
2020-06-05,108,3334,0,1306,2,38,128318.0,3308.0,42.0,,,21.0,1,42.0
2020-06-06,107,3441,13,1369,2,40,132319.0,4001.0,37.0,,,18.0,2,42.0
2020-06-07,105,3546,17,1386,1,41,133246.0,927.0,39.0,,,19.0,3,42.0
2020-06-08,102,3648,69,1455,1,42,135609.0,2363.0,37.0,,,20.0,1,41.0
2020-06-09,104,3752,97,1552,2,44,138803.0,3194.0,41.0,,,24.0,1,41.0
2020-06-10,106,3858,167,1719,2,46,142045.0,3242.0,46.0,,,20.0,1,
2020-06-11,102,3960,188,1907,2,48,145699.0,3654.0,46.0,,,19.0,1,42.0
2020-06-12,109,4069,143,2050,2,50,149028.0,3329.0,49.0,,,19.0,2,40.0
2020-06-13,108,4177,98,2148,3,53,151215.0,2187.0,48.0,,,15.0,2,42.0
2020-06-14,108,4285,45,2193,2,55,153701.0,2486.0,55.0,,,21.0,3,
2020-06-15,109,4394,83,2276,2,57,154895.0,1194.0,47.0,,,20.0,1,38.0
2020-06-16,103,4497,111,2387,3,60,157817.0,2922.0,57.0,,,15.0,1,
2020-06-17,107,4604,113,2502,2,62,160987.0,3170.0,49.0,,,16.0,1,37.0
2020-06-18,107,4711,128,2630,1,63,164479.0,3492.0,59.0,,,15.0,1,38.0
2020-06-19,108,4819,85,2715,2,65,168736.0,4257.0,58.0,,,14.0,1,37.0
2020-06-20,109,4928,85,2715,3,68,172200.0,3464.0,62.0,,,16.0,2,38.0
2020-06-21,105,5033,54,2769,2,70,173340.0,1140.0,77.0,,,15.0,2,35.0
2020-06-22,109,5142,21,2790,2,72,174522.0,1182.0,69.0,,,16.0,1,37.0
2020-06-23,106,5248,103,2893,4,76,178815.0,4293.0,81.0,,,13.0,1,
2020-06-24,108,5356,141,3034,2,78,181259.0,2444.0,83.0,,,12.0,2,34.0
2020-06-25,102,5458,24,3058,4,82,184548.0,3289.0,86.0,,,13.0,1,36.0
2020-06-26,108,5566,158,3216,1,83,190134.0,5586.0,90.0,,,16.0,1,34.0
2020-06-27,105,5671,86,3302,4,87,194128.0,3994.0,87.0,,,13.0,2,33.0
2020-06-28,98,5769,86,3368,4,91,196740.0,2612.0,80.0,,,14.0,3,33.0
2020-06-29,107,5876,24,3392,2,93,198486.0,1746.0,78.0,,,14.0,1,30.0
2020-06-30,109,5985,104,3496,3,96,204095.0,5609.0,88.0,,,18.0,1,33.0
2020-07-01,100,6085,122,3618,3,99,208076.0,3981.0,69.0,,,14.0,2,32.0
2020-07-02,92,6177,96,3714,2,101,210157.0,2081.0,85.0,,,14.0,1,30.0
2020-07-03,105,6282,138,3852,4,105,215026.0,4869.0,80.0,,,14.0,1,32.0
2020-07-04,111,6393,172,4024,0,109,218871.0,3845.0,85.0,,,14.0,2,30.0
2020-07-05,112,6505,31,4071,7,112,222574.0,3703.0,83.0,,,14.0,2,32.0
2020-07-06,106,6611,74,4145,4,116,224135.0,1561.0,88.0,,,15.0,1,32.0
2020-07-07,113,6724,155,4300,4,120,229236.0,5101.0,89.0,,,14.0,1,32.0
2020-07-08,107,6831,207,4507,4,124,233272.0,4036.0,89.0,,,14.0,1,30.0
2020-07-09,101,6932,170,4677,4,128,236798.0,3526.0,86.0,,,10.0,1,30.0
2020-07-10,111,7043,191,4868,5,133,241242.0,4444.0,85.0,,,18.0,1,27.0
2020-07-11,110,7153,215,5083,4,137,245923.0,4681.0,95.0,,,12.0,2,25.0
2020-07-12,121,7274,81,5164,5,142,247388.0,1465.0,95.0,,,19.0,2,22.0
2020-07-13,112,7386,35,5199,4,146,247963.0,575.0,77.0,,,15.0,1,
2020-07-14,119,7505,168,5367,2,148,253324.0,5361.0,84.0,,,15.0,1,
2020-07-15,103,7608,190,5557,4,152,257593.0,4269.0,81.0,,,15.0,1,
2020-07-16,120,7728,222,5779,3,155,262772.0,5179.0,95.0,,,15.0,1,
2020-07-17,117,7845,89,5868,5,160,267091.0,4319.0,89.0,,,12.0,1,
2020-07-18,114,7959,146,6014,3,163,270258.0,3167.0,82.0,,,10.0,2,
2020-07-19,118,8077,118,6014,5,168,272597.0,2339.0,83.0,,,16.0,2,
2020-07-20,109,8186,55,6203,3,171,275323.0,2726.0,73.0,,,13.0,1,
2020-07-21,102,8288,96,6299,6,177,280245.0,4922.0,81.0,,,11.0,1,
2020-07-22,113,8401,91,6390,2,179,283714.0,3469.0,79.0,,,13.0,1,
2020-07-23,110,8511,108,6498,5,184,288187.0,4473.0,79.0,,,14.0,1,
2020-07-24,105,8616,117,6615,6,190,292290.0,4103.0,86.0,,,13.0,1,
2020-07-25,101,8717,112,6727,6,196,296658.0,4368.0,81.0,,,15.0,2,
2020-07-26,109,8826,42,6769,4,200,297929.0,1271.0,79.0,,,13.0,2,
2020-07-27,104,8930,58,6827,6,206,298609.0,680.0,73.0,,,14.0,1,
2020-07-28,103,9033,183,7010,5,211,303777.0,5168.0,74.0,,,7.0,1,
2020-07-29,107,9140,212,7222,7,218,307103.0,3326.0,69.0,,,11.0,1,
2020-07-30,101,9241,203,7425,5,223,312054.0,4951.0,74.0,,,11.0,1,
2020-07-31,105,9346,217,7642,7,230,315145.0,3091.0,70.0,,,12.0,1,
2020-08-01,98,9444,188,7830,4,234,320647.0,5502.0,78.0,,,12.0,2,
2020-08-02,104,9548,92,7922,6,240,322107.0,1460.0,79.0,,,14.0,2,27.0
2020-08-03,106,9654,84,8006,6,246,322635.0,528.0,72.0,,,15.0,1,27.0
2020-08-04,95,9749,102,8108,5,251,326955.0,4320.0,76.0,,,12.0,1,
2020-08-05,97,9846,87,8194,4,255,330914.0,3959.0,62.0,,,15.0,1,
2020-08-06,93,9939,72,8266,7,262,334999.0,4085.0,67.0,,,10.0,1,
2020-08-07,92,10031,76,8342,7,269,338745.0,3746.0,66.0,,,9.0,1,
2020-08-08,99,10130,84,8426,4,273,344386.0,5641.0,62.0,,,12.0,2,26.0
2020-08-09,52,10182,33,8459,7,280,346116.0,1730.0,64.0,,,10.0,2,24.0
2020-08-10,87,10269,28,8487,5,285,346596.0,480.0,50.0,,,10.0,1,27.0
2020-08-11,65,10334,137,8624,7,292,349987.0,3391.0,55.0,,,14.0,1,26.0
2020-08-12,64,10398,146,8770,5,297,352856.0,2869.0,48.0,,,10.0,1,25.0
2020-08-13,53,10451,152,8922,6,303,358106.0,5250.0,42.0,,,11.0,1,26.0
2020-08-14,67,10518,163,9085,3,306,362216.0,4110.0,52.0,,,10.0,1,26.0
2020-08-15,56,10574,94,9179,3,309,366855.0,4639.0,58.0,,,11.0,2,28.0
2020-08-16,47,10621,87,9266,4,312,368670.0,1815.0,58.0,,,19.0,2,25.0
2020-08-17,53,10674,67,9333,3,315,369635.0,965.0,58.0,,,12.0,1,25.0
2020-08-18,50,10724,52,9385,4,319,374283.0,4648.0,57.0,,,11.0,1,25.0
2020-08-19,51,10775,73,9458,5,324,377692.0,3409.0,60.0,,,13.0,1,27.0
2020-08-20,44,10819,69,9527,5,329,381806.0,4114.0,52.0,,,11.0,1,
2020-08-21,53,10872,54,9851,6,335,385503.0,3697.0,53.0,,,10.0,1,25.0
2020-08-22,56,10928,53,9634,3,338,389660.0,4157.0,49.0,,,12.0,2,25.0
2020-08-23,50,10978,42,9676,1,339,391806.0,2146.0,49.0,,,14.0,2,29.0
2020-08-24,57,11035,57,9733,2,341,392146.0,340.0,47.0,,,14.0,1,26.0
2020-08-25,59,11094,61,9794,3,344,395842.0,3696.0,50.0,,,12.0,1,
2020-08-26,47,11141,50,9844,2,346,400270.0,4428.0,49.0,,,9.0,1,26.0
2020-08-27,51,11192,48,9892,3,349,403252.0,2982.0,43.0,,,11.0,1,26.0
2020-08-28,46,11238,38,9930,3,352,407653.0,4401.0,39.0,,,10.0,1,27.0
2020-08-29,51,11289,43,9973,2,354,412094.0,4441.0,50.0,,,12.0,2,26.0
2020-08-30,55,11344,49,10022,1,355,413566.0,1472.0,45.0,,,13.0,2,27.0
2020-08-31,60,11404,51,10073,3,358,416983.0,3417.0,45.0,,,9.0,1,26.0
2020-09-01,52,11456,93,10166,3,361,420344.0,3361.0,48.0,,,11.0,1,26.0
2020-09-02,45,11501,63,10229,3,364,424936.0,4592.0,33.0,,,12.0,1,26.0
2020-09-03,50,11551,58,10287,3,367,429449.0,4513.0,43.0,,,14.0,1,27.0
2020-09-04,56,11607,37,10324,4,371,433487.0,4038.0,35.0,,,11.0,1,26.0
2020-09-05,63,11670,89,10413,5,376,437107.0,3620.0,43.0,,,12.0,2,26.0
2020-09-06,57,11727,57,10470,2,378,438687.0,1580.0,39.0,,,11.0,3,29.0
2020-09-07,50,11777,48,10518,0,378,439442.0,755.0,39.0,,,14.0,1,26.0
2020-09-08,52,11829,63,10581,3,381,444702.0,5260.0,49.0,,,11.0,1,26.0
2020-09-09,56,11885,59,10640,3,384,448837.0,4135.0,38.0,,,12.0,1,23.0
2020-09-10,56,11941,72,10712,3,387,452652.0,3815.0,41.0,,,13.0,1,27.0
2020-09-11,53,11994,63,10775,2,389,455719.0,3067.0,33.0,,,11.0,1,24.0
2020-09-12,50,12044,58,10833,1,390,459812.0,4093.0,47.0,,,12.0,2,23.0
2020-09-13,49,12093,23,10856,4,394,460832.0,1020.0,47.0,,,9.0,2,25.0
2020-09-14,55,12148,19,10875,3,397,461732.0,900.0,43.0,,,14.0,1,27.0
2020-09-15,59,12207,59,10934,1,398,468497.0,6765.0,40.0,,,10.0,1,26.0
2020-09-16,53,12260,82,11016,3,401,472410.0,3913.0,44.0,,,12.0,1,24.0
2020-09-17,47,12307,96,11112,2,403,475838.0,3428.0,46.0,,,15.0,1,24.0
2020-09-18,49,12356,93,11205,4,407,479779.0,3941.0,34.0,,,12.0,1,24.0
2020-09-19,54,12410,84,11289,3,410,484646.0,4867.0,43.0,,,14.0,2,22.0
2020-09-20,61,12471,34,11323,3,413,486115.0,1469.0,34.0,,,13.0,2,24.0
2020-09-21,55,12526,44,11367,4,417,486827.0,712.0,45.0,,,13.0,1,
2020-09-22,61,12587,78,11445,3,420,490268.0,3441.0,36.0,,,11.0,1,23.0
2020-09-23,65,12652,92,11537,5,425,495513.0,5245.0,38.0,,,11.0,1,24.0
2020-09-24,63,12715,73,11610,3,428,499757.0,4244.0,37.0,,,10.0,1,22.0
2020-09-25,67,12782,78,11688,4,432,503641.0,3884.0,40.0,,,12.0,1,24.0
2020-09-26,72,12854,84,11772,3,435,508507.0,4866.0,47.0,,,13.0,2,23.0
2020-09-27,76,12930,46,11818,4,439,509748.0,1241.0,49.0,,,15.0,2,24.0
2020-09-28,69,12999,41,11859,2,441,511272.0,1524.0,59.0,,,14.0,1,24.0
2020-09-29,71,13070,63,11922,4,445,516938.0,5666.0,55.0,,,12.0,1,24.0
2020-09-30,77,13147,51,11973,4,449,523729.0,6791.0,51.0,,,12.0,1,23.0
2020-10-01,82,13229,49,12022,5,454,530161.0,6432.0,56.0,,,12.0,1,25.0
2020-10-02,84,13313,42,12064,3,457,535595.0,5434.0,51.0,,,12.0,1,24.0
2020-10-03,79,13392,53,12117,4,461,542567.0,6972.0,59.0,,,12.0,2,26.0
2020-10-04,77,13469,32,12149,3,464,543894.0,1327.0,62.0,,,12.0,3,
2020-10-05,73,13542,28,12177,5,469,545972.0,2078.0,54.0,,,13.0,1,27.0
2020-10-06,78,13620,54,12231,4,473,550794.0,4822.0,59.0,,,14.0,1,27.0
2020-10-07,82,13702,63,12294,3,476,557944.0,7150.0,63.0,,,12.0,1,26.0
2020-10-08,92,13794,58,12352,5,481,564322.0,6378.0,86.0,,,14.0,1,27.0
2020-10-09,82,13876,46,12398,2,483,569999.0,5677.0,84.0,,,16.0,1,27.0
2020-10-10,95,13971,42,12440,5,488,577154.0,7155.0,90.0,,,14.0,2,28.0
2020-10-11,118,14089,31,12471,3,491,579986.0,2832.0,104.0,,,18.0,3,
2020-10-12,115,14204,37,12508,5,496,582122.0,2136.0,110.0,,,14.0,1,27.0
2020-10-13,114,14318,95,12603,5,501,589794.0,7672.0,119.0,,,14.0,1,26.0
2020-10-14,120,14438,98,12701,6,507,597935.0,8141.0,101.0,,,15.0,1,
2020-10-15,127,14565,96,12797,6,513,604482.0,6547.0,121.0,,,15.0,1,
2020-10-16,129,14694,92,12889,6,519,610985.0,6503.0,106.0,,,15.0,1,26.0
2020-10-17,135,14829,88,12977,5,524,617127.0,6142.0,122.0,,,15.0,2,26.0
2020-10-18,149,14978,56,13033,4,528,620054.0,2927.0,120.0,,,16.0,3,28.0
2020-10-19,157,15135,48,13081,5,533,626153.0,6099.0,122.0,,,18.0,1,25.0
2020-10-20,169,15304,86,13167,6,539,631983.0,5830.0,120.0,,,17.0,1,
2020-10-21,186,15490,92,13259,3,542,637950.0,5967.0,123.0,,,17.0,1,27.0
2020-10-22,180,15670,94,13353,6,548,643458.0,5508.0,118.0,,,17.0,1,26.0
2020-10-23,175,15845,98,13451,4,552,650213.0,6755.0,124.0,,,18.0,1,26.0
2020-10-24,179,16024,87,13538,5,557,657641.0,7428.0,131.0,,,19.0,2,26.0
2020-10-25,181,16205,55,13593,3,560,662123.0,4482.0,138.0,,,24.0,3,26.0
2020-10-26,177,16382,58,13651,6,566,668393.0,6270.0,137.0,,,23.0,2,
2020-10-27,183,16565,115,13766,3,569,676263.0,7870.0,136.0,,,22.0,1,28.0
2020-10-28,180,16745,158,13924,5,574,685746.0,9483.0,128.0,,,16.0,2,26.0
2020-10-29,178,16923,164,14088,4,578,693300.0,7554.0,126.0,,,23.0,2,28.0
2020-10-30,185,17108,142,14230,5,583,701919.0,8619.0,119.0,,,20.0,2,26.0
2020-10-31,182,17290,161,14391,3,586,714424.0,12505.0,118.0,,,22.0,3,
2020-11-01,177,17467,54,14445,4,590,716661.0,2237.0,115.0,,,28.0,3,26.0
2020-11-02,179,17646,56,14501,6,596,719040.0,2379.0,115.0,,,24.0,2,22.0
2020-11-03,182,17828,147,14648,4,600,725533.0,6493.0,108.0,,,21.0,2,24.0
2020-11-04,181,18009,172,14820,3,603,740602.0,15069.0,114.0,,,25.0,3,25.0
2020-11-05,180,18189,133,14953,6,609,745114.0,4512.0,128.0,,,26.0,2,24.0
2020-11-06,176,18365,171,15124,3,612,754418.0,9304.0,106.0,,,22.0,2,25.0
2020-11-07,181,18546,168,15292,5,617,764071.0,9653.0,121.0,,,22.0,3,26.0
2020-11-08,177,18723,98,15930,4,621,768552.0,4481.0,128.0,,,38.0,3,26.0
2020-11-09,174,18897,52,15442,4,625,770921.0,2369.0,139.0,,,26.0,2,25.0
2020-11-10,179,19076,173,15615,5,630,782886.0,11965.0,142.0,,,26.0,2,26.0
2020-11-11,185,19261,176,15791,3,633,791343.0,8457.0,146.0,,,24.0,2,27.0
2020-11-12,178,19439,144,15935,7,640,801007.0,9664.0,142.0,,,25.0,2,25.0
2020-11-13,184,19623,128,16063,4,644,811239.0,10232.0,174.0,,,26.0,2,26.0
2020-11-14,186,19809,161,16224,4,648,821562.0,10323.0,166.0,,,26.0,2,25.0
2020-11-15,176,19985,83,16307,7,655,825313.0,3751.0,157.0,,,32.0,3,25.0
2020-11-16,174,20159,72,16379,5,660,828925.0,3612.0,182.0,,,25.0,1,26.0
2020-11-17,179,20338,136,16515,6,666,839680.0,10755.0,177.0,,,34.0,1,25.0
2020-11-18,182,20520,154,16669,4,670,847276.0,7596.0,198.0,,,30.0,1,25.0
2020-11-19,176,20696,167,16836,7,677,856680.0,9404.0,202.0,,,30.0,1,
2020-11-20,186,20882,177,17013,5,682,863516.0,6836.0,205.0,,,25.0,1,26.0
2020-11-21,183,21065,156,17169,5,687,875111.0,11595.0,203.0,,,31.0,2,23.0
2020-11-22,178,21243,94,17263,6,693,880233.0,5122.0,195.0,,,32.0,3,23.0
2020-11-23,172,21415,66,17329,5,698,882447.0,2214.0,182.0,,,31.0,1,24.0
2020-11-24,175,21590,118,17447,6,704,892782.0,10335.0,205.0,,,28.0,1,22.0
2020-11-25,179,21769,179,17617,7,711,899172.0,6390.0,207.0,,,29.0,1,
2020-11-26,187,21956,193,17810,6,717,907728.0,8556.0,209.0,,,29.0,1,
2020-11-27,181,22137,188,17998,7,724,914180.0,6452.0,208.0,,,30.0,1,
2020-11-28,179,22316,196,18194,6,730,920061.0,5881.0,209.0,,,28.0,2,
2020-11-29,176,22492,104,18298,6,736,924174.0,4113.0,186.0,,,32.0,3,
2020-11-30,179,22671,110,18408,7,743,927011.0,2837.0,198.0,,,31.0,1,
2020-12-01,177,22848,166,18574,7,750,933241.0,6230.0,189.0,,,30.0,1,
2020-12-02,182,23030,179,18753,6,756,938871.0,5630.0,199.0,,,29.0,1,
2020-12-03,186,23216,154,18907,8,764,944180.0,5309.0,190.0,,,28.0,1,
2020-12-04,176,23392,195,19102,7,771,951918.0,7738.0,184.0,,,33.0,1,12.0
2020-12-05,179,23571,198,19300,8,779,959198.0,7280.0,209.0,,,35.0,2,
2020-12-06,180,23751,108,19408,7,786,961123.0,1925.0,193.0,,,33.0,3,
2020-12-07,178,23929,94,19502,6,792,961775.0,652.0,204.0,,,35.0,1,
2020-12-08,174,24103,197,19699,6,798,969478.0,7703.0,199.0,,,33.0,1,
2020-12-09,168,24271,192,19891,8,806,973840.0,4362.0,194.0,,,32.0,1,
2020-12-10,170,24441,190,20081,7,813,979569.0,5729.0,194.0,,,34.0,1,
2020-12-11,172,24613,216,20297,7,820,985645.0,6076.0,151.0,,,33.0,1,
2020-12-12,169,24782,224,20521,6,826,993120.0,7475.0,180.0,,,29.0,2,
2020-12-13,168,24950,121,20642,7,833,994721.0,1601.0,178.0,,,40.0,3,
2020-12-14,170,25120,96,20738,6,839,996076.0,1355.0,166.0,,,33.0,1,
2020-12-15,168,25288,206,20994,7,846,1003639.0,7563.0,173.0,,,32.0,1,
2020-12-16,163,25451,215,21159,7,853,1008419.0,4780.0,150.0,,,33.0,1,
2020-12-17,167,25618,208,21367,7,860,1013586.0,5167.0,134.0,,,34.0,1,
2020-12-18,171,25789,203,21570,6,866,1019314.0,5728.0,158.0,,,34.0,1,
2020-12-19,166,25955,228,21798,8,874,1026864.0,7550.0,174.0,,,32.0,2,
2020-12-20,169,26124,109,21907,7,881,1029064.0,2200.0,175.0,,,38.0,3,
2020-12-21,165,26289,98,22005,7,888,1029415.0,351.0,174.0,,,35.0,1,
2020-12-22,166,26455,216,22221,7,895,1036260.0,6845.0,167.0,,,36.0,1,
2020-12-23,161,26616,233,22454,7,902,1040503.0,4243.0,167.0,,,27.0,1,
2020-12-24,158,26774,229,22683,7,909,1046625.0,6122.0,175.0,1280.0,,37.0,1,
2020-12-25,165,26939,217,22900,9,918,1051883.0,5258.0,174.0,,,34.0,1,
2020-12-26,160,27099,231,23131,7,925,1057107.0,5224.0,169.0,,,42.0,3,22.0
2020-12-27,157,27256,93,23224,8,933,1058438.0,1331.0,159.0,,,34.0,3,22.0
2020-12-28,155,27411,95,23319,8,941,1059112.0,674.0,152.0,,,34.0,2,
2020-12-29,156,27567,214,23533,9,950,1065906.0,6794.0,148.0,,,27.0,1,23.0
2020-12-30,153,27720,225,23758,8,958,1069841.0,3935.0,144.0,1900.0,,36.0,1,21.0
2020-12-31,149,27869,238,23996,9,967,1076039.0,6198.0,131.0,,,41.0,3,22.0
2021-01-01,152,28021,244,24240,7,974,1079842.0,3803.0,147.0,,,36.0,4,21.0
2021-01-02,154,28175,127,24367,9,983,1080222.0,380.0,152.0,,,38.0,4,
2021-01-03,150,28325,151,24518,8,991,1080825.0,603.0,152.0,,,41.0,3,22.0
2021-01-04,146,28471,193,24711,9,1000,1082066.0,1241.0,151.0,,,41.0,3,20.0
2021-01-05,142,28613,187,24898,8,1008,1084739.0,2673.0,154.0,,,36.0,3,
2021-01-06,141,28754,209,25107,7,1015,1086666.0,1927.0,158.0,,,38.0,3,21.0
2021-01-07,146,28900,221,25328,9,1024,1090649.0,3983.0,160.0,,,38.0,3,
2021-01-08,143,29043,92,25420,7,1031,1091430.0,781.0,162.0,,,39.0,3,
2021-01-09,139,29182,203,25623,9,1040,1096388.0,4958.0,176.0,,,42.0,3,20.0
2021-01-10,140,29322,111,25734,7,1047,1099953.0,3565.0,170.0,,,38.0,3,
2021-01-11,138,29460,189,25923,8,1055,1105348.0,5395.0,171.0,,,39.0,1,20.0
2021-01-12,136,29596,214,26137,9,1064,1112110.0,6762.0,145.0,,,39.0,1,21.0
2021-01-13,140,29736,228,26365,9,1073,1115659.0,3549.0,149.0,2670.0,,35.0,1,21.0
2021-01-14,144,29880,232,26597,8,1081,1121190.0,5531.0,141.0,,,35.0,1,20.0
2021-01-15,139,30019,226,26823,8,1089,1126401.0,5211.0,90.0,,,33.0,1,19.0
2021-01-16,146,30165,237,27060,9,1098,1132057.0,5656.0,96.0,,,44.0,2,16.0
2021-01-17,142,30307,101,27161,7,1105,1133556.0,1499.0,130.0,,,47.0,3,
2021-01-18,138,30445,97,27258,9,1114,1134529.0,973.0,141.0,4194.0,,39.0,1,18.0
2021-01-19,142,30587,188,27446,8,1122,1141637.0,7108.0,138.0,,,37.0,1,
2021-01-20,144,30731,209,27655,7,1129,1145419.0,3782.0,138.0,5000.0,,36.0,1,20.0
2021-01-21,147,30878,223,27878,10,1139,1150552.0,5133.0,127.0,5806.0,,37.0,1,
2021-01-22,140,31018,211,28089,9,1148,1155161.0,4609.0,129.0,,,44.0,1,19.0
2021-01-23,137,31155,218,28307,7,1155,1161410.0,6249.0,137.0,,,32.0,2,18.0
2021-01-24,135,31290,94,28401,10,1165,1162988.0,1578.0,138.0,,,47.0,3,
2021-01-25,134,31424,90,28491,8,1173,1163819.0,831.0,132.0,9748.0,,36.0,2,19.0
2021-01-26,131,31555,197,28688,10,1183,1169994.0,6175.0,152.0,,,37.0,2,
2021-01-27,138,31693,208,28896,8,1191,1174397.0,4403.0,100.0,,,35.0,1,18.0
2021-01-28,134,31827,214,29110,10,1201,1179057.0,4660.0,104.0,14146.0,2500.0,36.0,1,19.0
2021-01-29,139,31966,220,29330,8,1209,1183181.0,4124.0,113.0,14610.0,2613.0,40.0,1,18.0
2021-01-30,136,32102,228,29558,7,1216,1188815.0,5634.0,113.0,,,37.0,2,20.0
2021-01-31,133,32235,97,29655,9,1225,1190277.0,1462.0,115.0,,,41.0,3,20.0
2021-02-01,134,32369,92,29747,8,1233,1191478.0,1201.0,109.0,,,38.0,1,
2021-02-02,132,32501,202,29949,10,1243,1197179.0,5701.0,102.0,14797.0,2958.0,35.0,1,15.0
2021-02-03,135,32636,206,30155,7,1250,1201542.0,4363.0,103.0,,,37.0,1,15.0
2021-02-04,134,32770,213,30368,10,1260,1205536.0,3994.0,113.0,,,33.0,1,16.0
2021-02-05,131,32901,219,30587,7,1267,1210446.0,4910.0,98.0,15000.0,,40.0,1,16.0
2021-02-06,127,33028,207,30587,6,1273,1216648.0,6202.0,123.0,16781.0,3416.0,34.0,2,
2021-02-07,125,33153,91,30885,8,1281,1218106.0,1458.0,103.0,,,36.0,3,15.0
2021-02-08,128,33281,94,30979,7,1288,1218444.0,338.0,124.0,,,35.0,1,
2021-02-09,130,33411,215,31194,8,1296,1224476.0,6032.0,120.0,,,33.0,1,14.0
2021-02-10,134,33545,215,31402,6,1302,1229555.0,5079.0,119.0,25000.0,5000.0,37.0,1,14.0
2021-02-11,131,33676,202,31604,7,1309,1234079.0,4524.0,116.0,30638.0,6000.0,34.0,1,15.0
2021-02-12,127,33803,103,31707,6,1315,1237506.0,3427.0,125.0,,,37.0,1,15.0
2021-02-13,128,33931,94,31801,9,1324,1241130.0,3624.0,124.0,,,35.0,3,15.0
2021-02-14,121,34052,67,31868,6,1330,1242515.0,1385.0,131.0,,,38.0,3,15.0
2021-02-15,123,34175,41,31909,8,1338,1247325.0,4810.0,127.0,32707.0,7477.0,30.0,1,11.0
2021-02-16,120,34295,73,31982,7,1345,1253144.0,5819.0,100.0,35629.0,11117.0,39.0,1,12.0
2021-02-17,126,34421,79,32061,7,1352,1258106.0,4962.0,107.0,,,36.0,1,11.0
2021-02-18,121,34542,84,32145,9,1361,1262494.0,4388.0,103.0,41784.0,13638.0,36.0,1,12.0
2021-02-19,118,34660,81,32226,7,1368,1267290.0,4796.0,90.0,44823.0,14261.0,36.0,1,12.0
2021-02-20,124,34784,79,32305,9,1377,1273329.0,6039.0,85.0,,,33.0,1,12.0
2021-02-21,128,34912,51,32356,6,1383,1278285.0,4956.0,98.0,,,43.0,3,14.0
2021-02-22,119,35031,32,32388,8,1391,1279053.0,768.0,96.0,,,38.0,3,
2021-02-23,115,35146,24,32412,6,1397,1280372.0,1319.0,96.0,,,33.0,3,14.0
2021-02-24,112,35258,48,32460,9,1406,1280751.0,379.0,95.0,53007.0,14535.0,42.0,1,13.0
2021-02-25,118,35376,97,32557,8,1414,1285769.0,5018.0,87.0,,,37.0,1,13.0
2021-02-26,123,35499,102,32659,7,1421,1293591.0,7822.0,88.0,59682.0,16241.0,43.0,1,11.0
2021-02-27,120,35619,110,32769,9,1430,1298981.0,5390.0,90.0,,,34.0,2,11.0
2021-02-28,114,35733,55,32824,6,1436,1300683.0,1702.0,90.0,,,47.0,3,11.0
2021-03-01,111,35844,61,32885,8,1444,1301664.0,981.0,94.0,,,41.0,1,12.0
2021-03-02,115,35959,110,32995,8,1452,1306784.0,5120.0,91.0,63498.0,20693.0,42.0,1,11.0
2021-03-03,107,36066,112,33107,9,1461,1312507.0,5723.0,90.0,67315.0,25908.0,44.0,1,10.0
2021-03-04,100,36166,107,33214,6,1467,1316959.0,4452.0,93.0,,,38.0,1,10.0
2021-03-05,106,36272,115,33329,8,1475,1323567.0,6608.0,100.0,73710.0,30693.0,41.0,1,
2021-03-06,109,36381,124,33453,7,1482,1328070.0,4503.0,99.0,,,30.0,2,12.0
2021-03-07,102,36483,48,33501,7,1489,1329630.0,1560.0,103.0,,,59.0,2,10.0
2021-03-08,100,36583,52,33553,6,1495,1330667.0,1037.0,100.0,,,38.0,3,11.0
2021-03-09,104,36687,37,33590,8,1503,1331518.0,851.0,98.0,73800.0,30693.0,38.0,1,10.0
2021-03-10,102,36789,96,33686,7,1510,1336947.0,5429.0,87.0,,,35.0,1,10.0
2021-03-11,97,36886,104,33790,6,1516,1340540.0,3593.0,92.0,,,40.0,1,11.0
2021-03-12,100,36986,108,33898,5,1521,1345483.0,4943.0,98.0,82875.0,43000.0,42.0,1,10.0
2021-03-13,103,37089,117,34015,4,1525,1349636.0,4153.0,95.0,,,32.0,2,
2021-03-14,98,37187,84,34099,6,1531,1351981.0,2345.0,91.0,,,50.0,3,11.0
2021-03-15,95,37282,75,34174,5,1536,1352964.0,983.0,88.0,,,40.0,1,12.0
2021-03-16,101,37383,110,34284,6,1542,1358163.0,5199.0,92.0,,,36.0,1,11.0
2021-03-17,92,37475,119,34403,5,1547,1362645.0,4482.0,92.0,,,38.0,1,11.0
2021-03-18,90,37565,132,34535,6,1553,1367085.0,4440.0,96.0,89215.0,54732.0,37.0,1,11.0
2021-03-19,97,37662,127,34662,5,1558,1372603.0,5518.0,86.0,,,36.0,1,10.0
2021-03-20,104,37766,156,34818,6,1564,1377034.0,4431.0,84.0,,,37.0,2,11.0
2021-03-21,96,37862,51,34869,5,1569,1378612.0,1578.0,82.0,,,49.0,3,11.0
2021-03-22,91,37953,67,34936,5,1574,1379140.0,528.0,76.0,90296.0,58109.0,41.0,1,12.0
2021-03-23,93,38046,146,35082,6,1580,1385004.0,5864.0,77.0,,,38.0,1,11.0
2021-03-24,87,38133,137,35219,5,1585,1388737.0,3733.0,84.0,,,33.0,1,12.0
2021-03-25,93,38226,136,35355,6,1591,1392872.0,4135.0,78.0,93368.0,67198.0,38.0,1,12.0
2021-03-26,101,38327,119,35474,7,1598,1397303.0,4431.0,77.0,,,41.0,1,12.0
2021-03-27,94,38421,139,35613,5,1603,1401934.0,4631.0,78.0,,,35.0,2,12.0
2021-03-28,85,38506,53,35666,5,1608,1404439.0,2505.0,74.0,95491.0,70772.0,42.0,3,11.0
2021-03-29,87,38593,41,35707,6,1614,1405906.0,1467.0,85.0,97448.0,73433.0,41.0,1,
2021-03-30,85,38678,114,35821,5,1619,1409354.0,3448.0,70.0,,,38.0,1,11.0
2021-03-31,80,38758,128,35949,6,1625,1413536.0,4182.0,71.0,100461.0,76317.0,37.0,1,
2021-04-01,73,38831,103,36052,5,1630,1417565.0,4029.0,70.0,103000.0,78909.0,35.0,1,13.0
2021-04-02,82,38913,98,36150,6,1636,1422571.0,5006.0,74.0,,,43.0,1,
2021-04-03,84,38997,119,36269,5,1641,1426865.0,4294.0,64.0,,,47.0,2,11.0
2021-04-04,79,39076,42,36311,5,1646,1429179.0,2314.0,65.0,,,56.0,3,
2021-04-05,75,39151,79,36351,6,1652,1430608.0,1429.0,64.0,111132.0,82037.0,50.0,1,13.0
2021-04-06,79,39230,97,36448,6,1658,1434086.0,3478.0,62.0,115983.0,84156.0,47.0,1,11.0
2021-04-07,82,39312,106,36554,4,1662,1437685.0,3599.0,57.0,,,52.0,1,11.0
2021-04-08,71,39383,103,36657,5,1667,1441363.0,3678.0,64.0,120000.0,85000.0,54.0,1,13.0
2021-04-09,80,39463,98,36755,4,1671,1445535.0,4172.0,58.0,,,52.0,1,13.0
2021-04-10,87,39550,109,36864,5,1676,1449820.0,4285.0,52.0,,,58.0,2,12.0
2021-04-11,78,39628,53,36917,4,1680,1451823.0,2003.0,58.0,,,61.0,2,13.0
2021-04-12,73,39701,42,36959,4,1684,1453014.0,1191.0,62.0,139692.0,88451.0,36.0,1,13.0
2021-04-13,79,39780,96,37055,4,1688,1456302.0,3288.0,71.0,142514.0,90107.0,40.0,1,13.0
2021-04-14,85,39865,93,37148,3,1691,1460275.0,3973.0,78.0,,,49.0,1,13.0
2021-04-15,80,39945,86,37234,4,1695,1464853.0,4578.0,73.0,152178.0,92102.0,48.0,1,13.0
2021-04-16,82,40027,61,37295,5,1700,1469531.0,4678.0,69.0,157184.0,94416.0,48.0,1,
2021-04-17,76,40103,48,37343,4,1704,1473727.0,4196.0,66.0,,,55.0,2,14.0
2021-04-18,72,40175,19,37362,3,1707,1476102.0,2375.0,67.0,,,49.0,3,13.0
2021-04-19,70,40245,15,37377,4,1711,1477629.0,1527.0,62.0,,,47.0,1,13.0
2021-04-20,74,40319,44,37421,4,1715,1481157.0,3528.0,63.0,169551.0,97989.0,48.0,1,12.0
2021-04-21,81,40400,39,37460,4,1719,1484930.0,3773.0,57.0,,,49.0,1,13.0
2021-04-22,85,40485,47,37507,4,1723,1489094.0,4164.0,55.0,179000.0,102000.0,53.0,1,
2021-04-23,80,40565,42,37549,4,1727,1493758.0,4664.0,59.0,,,55.0,1,13.0
2021-04-24,76,40641,52,37601,4,1731,1497938.0,4180.0,60.0,,,60.0,2,13.0
2021-04-25,74,40715,12,37613,3,1734,1499671.0,1733.0,59.0,,,57.0,2,14.0
2021-04-26,71,40786,17,37630,3,1737,1501209.0,1538.0,56.0,192518.0,110806.0,57.0,1,12.0
2021-04-27,75,40861,36,37666,5,1742,1504702.0,3493.0,54.0,,,64.0,1,12.0
2021-04-28,79,40940,31,37697,4,1746,1508670.0,3968.0,49.0,,,55.0,1,13.0
2021-04-29,74,41014,44,37741,4,1750,1512708.0,4038.0,56.0,208000.0,122000.0,58.0,1,13.0
2021-04-30,70,41084,48,37789,4,1754,1517744.0,5036.0,56.0,214390.0,126590.0,55.0,0,12.0
2021-05-01,78,41162,41,37830,4,1758,1522017.0,4273.0,56.0,,,62.0,2,
2021-05-02,76,41238,16,37846,3,1761,1523942.0,1925.0,33.0,,,61.0,2,13.0
2021-05-03,72,41310,11,37857,4,1765,1525610.0,1668.0,45.0,,,58.0,2,
2021-05-04,75,41385,13,37870,3,1768,1527105.0,1495.0,44.0,,,60.0,1,13.0
2021-05-05,78,41463,27,37897,4,1772,1529552.0,2447.0,49.0,,,56.0,1,13.0
2021-05-06,73,41536,49,37946,5,1777,1532576.0,3024.0,48.0,229855.0,145939.0,60.0,1,14.0
2021-05-07,69,41605,58,38004,3,1780,1536459.0,3883.0,38.0,234127.0,150304.0,54.0,1,13.0
2021-05-08,65,41670,55,38059,4,1784,1539915.0,3456.0,45.0,,,66.0,2,14.0
2021-05-09,72,41742,16,38075,3,1787,1542083.0,2168.0,40.0,,,62.0,2,15.0
2021-05-10,67,41809,13,38088,5,1792,1543841.0,1758.0,40.0,,,60.0,2,14.0
2021-05-11,69,41878,14,38102,4,1796,1547158.0,3317.0,51.0,239000.0,156683.0,60.0,0,12.0
2021-05-12,71,41949,54,38156,5,1801,1550749.0,3591.0,62.0,240863.0,159336.0,59.0,0,12.0
2021-05-13,68,42017,67,38223,4,1805,1554672.0,3923.0,58.0,,,59.0,0,13.0
2021-05-14,74,42091,73,38296,4,1809,1559683.0,5011.0,48.0,253000.0,178000.0,58.0,0,14.0
2021-05-15,77,42168,75,38371,3,1812,1564431.0,4748.0,51.0,,,61.0,2,17.0
2021-05-16,73,42241,34,38405,4,1816,1566652.0,2221.0,52.0,,,63.0,2,14.0
2021-05-17,65,42306,28,38433,4,1820,1568246.0,1594.0,48.0,,,59.0,0,
2021-05-18,67,42373,67,38500,5,1825,1572011.0,3765.0,59.0,,,62.0,0,14.0
2021-05-19,73,42446,81,38581,4,1829,1575516.0,3505.0,55.0,,,64.0,0,16.0
2021-05-20,70,42516,69,38640,3,1832,1579321.0,3805.0,61.0,,,59.0,1,17.0
2021-05-21,69,42585,65,38705,4,1836,1583725.0,4404.0,57.0,279698.0,208896.0,62.0,0,17.0
2021-05-22,75,42660,59,38764,5,1841,1587569.0,3844.0,55.0,,,67.0,2,17.0
2021-05-23,72,42732,21,38785,4,1845,1589544.0,1975.0,55.0,,,65.0,2,14.0
2021-05-24,69,42801,25,38810,4,1849,1590773.0,1229.0,58.0,,,63.0,1,15.0
2021-05-25,74,42875,56,38866,5,1854,1594469.0,3696.0,58.0,290097.0,213160.0,62.0,0,14.0
2021-05-26,76,42951,64,38930,4,1858,1598188.0,3719.0,56.0,,,59.0,0,16.0
2021-05-27,69,43020,72,39002,4,1862,1601953.0,3765.0,57.0,298772.0,221893.0,60.0,0,14.0
2021-05-28,75,43095,74,39076,4,1866,1606851.0,4898.0,67.0,302708.0,226416.0,62.0,1,12.0
2021-05-29,79,43174,77,39153,3,1869,1612507.0,5656.0,69.0,,,66.0,2,12.0
2021-05-30,77,43251,29,39182,5,1874,1617047.0,4540.0,74.0,,,64.0,2,14.0
2021-05-31,74,43325,33,39215,4,1878,1618898.0,1851.0,67.0,,,63.0,0,13.0
2021-06-01,76,43401,78,39293,6,1884,1625449.0,6551.0,63.0,311216.0,233822.0,61.0,0,14.0
2021-06-02,79,43480,86,39379,5,1889,1630546.0,5097.0,58.0,,,62.0,0,13.0
2021-06-03,75,43555,84,39463,5,1894,1635607.0,5061.0,61.0,319000.0,241000.0,62.0,1,
2021-06-04,85,43640,102,39565,5,1899,1642763.0,7156.0,64.0,,,62.0,1,13.0
2021-06-05,92,43732,77,39642,4,1903,1648808.0,6045.0,64.0,,,66.0,2,15.0
2021-06-06,87,43819,32,39674,4,1907,1652818.0,4010.0,63.0,,,63.0,2,15.0
2021-06-07,73,43892,37,39711,6,1913,1655406.0,2588.0,66.0,327697.0,252607.0,59.0,1,15.0
2021-06-08,78,43970,84,39795,5,1918,1660774.0,5368.0,67.0,,,65.0,0,14.0
2021-06-09,86,44056,87,39882,5,1923,1667881.0,7107.0,74.0,,,59.0,1,15.0
2021-06-10,99,44155,91,39973,5,1928,1676582.0,8701.0,80.0,339531.0,267275.0,65.0,1,16.0
2021-06-11,103,44258,93,40066,6,1934,1684275.0,7693.0,86.0,,,63.0,1,
2021-06-12,108,44366,61,40127,4,1938,1692516.0,8241.0,89.0,,,64.0,2,14.0
2021-06-13,95,44461,58,40185,5,1943,1698251.0,5735.0,100.0,,,69.0,2,
2021-06-14,84,44545,47,40232,5,1948,1701104.0,2853.0,90.0,,,66.0,2,
2021-06-15,92,44637,53,40285,6,1954,1707927.0,6823.0,87.0,349118.0,276173.0,64.0,1,
2021-06-16,99,44736,97,40382,5,1959,1713625.0,5698.0,100.0,,,61.0,1,
2021-06-17,102,44838,83,40465,6,1965,1721178.0,7553.0,120.0,361974.0,289068.0,65.0,1,
2021-06-18,120,44958,71,40536,7,1972,1729761.0,8583.0,137.0,,,62.0,1,
2021-06-19,131,45089,101,40637,8,1980,1740445.0,10684.0,138.0,,,61.0,2,
2021-06-20,144,45233,43,40690,5,1985,1745689.0,5244.0,146.0,,,64.0,2,
2021-06-21,150,45383,61,40751,7,1992,1750349.0,4660.0,151.0,,,58.0,1,
2021-06-22,146,45529,127,40878,9,2001,1759287.0,8938.0,165.0,382077.0,,63.0,1,
2021-06-23,154,45683,89,40967,8,2009,1768778.0,9491.0,171.0,,,60.0,1,
2021-06-24,160,45843,109,41076,5,2014,1779187.0,10409.0,206.0,399000.0,309520.0,56.0,1,
2021-06-25,151,45994,93,41169,9,2023,1791523.0,12336.0,228.0,,,56.0,1,
2021-06-26,158,46152,105,41274,6,2029,1802062.0,10539.0,236.0,,,68.0,2,
2021-06-27,162,46314,68,41342,7,2036,1809431.0,7369.0,283.0,,,54.0,2,
2021-06-28,156,46470,59,41401,9,2045,1814908.0,5477.0,326.0,410960.0,312904.0,60.0,1,
2021-06-29,161,46631,121,41522,7,2052,1825250.0,10342.0,352.0,,,65.0,1,
2021-06-30,173,46804,108,41630,11,2063,1837763.0,12513.0,346.0,,,57.0,1,
2021-07-01,178,46982,97,41727,9,2072,1848967.0,11204.0,346.0,,,54.0,1,
2021-07-02,171,47153,112,41839,7,2079,1862106.0,13139.0,366.0,,,38.0,1,
2021-07-03,180,47333,136,41975,6,2085,1874515.0,12409.0,354.0,,,28.0,2,
2021-07-04,169,47502,41,42016,10,2095,1882523.0,8008.0,362.0,,,62.0,1,
2021-07-05,173,47675,33,42049,5,2100,1890256.0,7733.0,345.0,466858.0,339250.0,63.0,1,
2021-07-06,179,47854,107,42156,8,2108,1901422.0,11166.0,356.0,499789.0,351534.0,67.0,1,
2021-07-07,185,48039,116,42274,11,2119,1914957.0,13535.0,365.0,,,68.0,1,
2021-07-08,189,48228,126,42400,8,2127,1927610.0,12653.0,351.0,,,61.0,1,
2021-07-09,178,48406,141,42541,10,2137,1942664.0,15054.0,349.0,,,64.0,2,
2021-07-10,184,48590,146,42687,7,2144,1957138.0,14474.0,356.0,,,69.0,2,
2021-07-11,179,48769,52,42739,8,2152,1965460.0,8322.0,388.0,,,71.0,1,
2021-07-12,173,48942,63,42802,9,2161,1971699.0,6239.0,376.0,506000.0,354000.0,67.0,1,
2021-07-13,184,49126,138,42940,11,2172,1982579.0,10880.0,404.0,,,68.0,1,
2021-07-14,198,49324,97,43037,8,2180,1993540.0,10961.0,424.0,,,72.0,1,
2021-07-15,193,49517,101,43138,10,2190,2003413.0,9873.0,438.0,522656.0,385934.0,63.0,1,
2021-07-16,196,49713,106,43244,8,2198,2021784.0,18371.0,425.0,526392.0,394817.0,69.0,2,18.0
2021-07-17,187,49900,117,43361,7,2205,2034908.0,13124.0,424.0,,,43.0,2,16.0
2021-07-18,179,50079,51,43412,9,2214,2042676.0,7768.0,430.0,,,72.0,1,
2021-07-19,183,50262,45,43457,6,2220,2048252.0,5576.0,431.0,,,69.0,1,16.0
2021-07-20,190,50452,108,43565,9,2229,2059188.0,10936.0,413.0,,,71.0,1,16.0
2021-07-21,201,50653,123,43688,11,2240,2071198.0,12010.0,410.0,,,70.0,1,16.0
2021-07-22,195,50848,137,43825,9,2249,2083487.0,12289.0,411.0,544000.0,433900.0,72.0,1,14.0
2021-07-23,204,51052,115,43940,9,2258,2094912.0,11425.0,401.0,,,63.0,2,18.0
2021-07-24,213,51265,114,44054,12,2270,2107590.0,12678.0,384.0,,,74.0,2,
2021-07-25,218,51483,51,44105,8,2278,2114960.0,7370.0,388.0,,,73.0,1,17.0
2021-07-26,209,51692,44,44149,9,2287,2119523.0,4563.0,387.0,551871.0,442300.0,72.0,1,15.0
2021-07-27,200,51892,122,44271,10,2297,2130579.0,11056.0,385.0,564470.0,461174.0,71.0,1,15.0
2021-07-28,205,52097,117,44388,11,2308,2141745.0,11166.0,381.0,,,73.0,1,16.0
2021-07-29,196,52293,104,44492,10,2318,2153949.0,12204.0,384.0,570000.0,475000.0,74.0,1,
2021-07-30,202,52495,111,44603,11,2329,2164773.0,10824.0,371.0,,,67.0,2,15.0
2021-07-31,209,52704,132,44735,11,2340,2177315.0,12542.0,358.0,,,75.0,2,
2021-08-01,199,52903,36,44771,8,2348,2183921.0,6606.0,353.0,,,73.0,1,15.0
2021-08-02,195,53098,42,44813,10,2358,2188124.0,4203.0,350.0,574000.0,482000.0,74.0,1,14.0
2021-08-03,201,53299,142,44955,9,2367,2195724.0,7600.0,349.0,581000.0,493000.0,73.0,1,14.0
2021-08-04,204,53503,147,45102,12,2379,2205094.0,9370.0,338.0,590850.0,502942.0,72.0,1,14.0
2021-08-05,197,53700,153,45255,9,2388,2214072.0,8978.0,325.0,,,74.0,1,12.0
2021-08-06,190,53890,138,45393,11,2399,2224924.0,10852.0,318.0,,,70.0,2,14.0
2021-08-07,194,54084,131,45524,9,2408,2233206.0,8282.0,318.0,,,77.0,2,
2021-08-08,199,54283,44,45568,9,2417,2239849.0,6643.0,293.0,,,74.0,1,14.0
2021-08-09,196,54479,39,45607,10,2427,2243139.0,3290.0,280.0,,,76.0,1,
2021-08-10,198,54677,153,45760,12,2439,2249628.0,6489.0,276.0,608522.0,,78.0,1,13.0
2021-08-11,191,54868,139,45899,10,2449,2257312.0,7684.0,268.0,619180.0,,76.0,1,13.0
2021-08-12,187,55055,122,46021,11,2460,2264137.0,6825.0,259.0,624627.0,539175.0,74.0,1,14.0
2021-08-13,193,55248,127,46148,9,2469,2271927.0,7790.0,263.0,,,72.0,2,13.0
2021-08-14,185,55433,144,46292,13,2482,2277449.0,5522.0,201.0,,,76.0,2,
2021-08-15,181,55614,40,46332,9,2491,2282972.0,5523.0,196.0,,,78.0,1,
2021-08-16,183,55797,36,46368,10,2501,2285342.0,2370.0,197.0,629650.0,,78.0,1,12.0
2021-08-17,190,55987,117,46485,9,2510,2290878.0,5536.0,195.0,640913.0,562617.0,81.0,1,
2021-08-18,184,56171,104,46589,12,2522,2297622.0,6744.0,190.0,,,79.0,1,12.0
2021-08-19,187,56358,112,46701,12,2534,2303884.0,6262.0,195.0,649583.0,573068.0,81.0,1,
2021-08-20,181,56539,101,46802,9,2543,2310759.0,6875.0,194.0,,,77.0,2,12.0
2021-08-21,185,56724,122,46924,11,2554,2316744.0,5985.0,188.0,,,79.0,2,
2021-08-22,177,56901,39,46963,10,2564,2320528.0,3784.0,181.0,,,80.0,1,13.0
2021-08-23,175,57076,43,47006,12,2576,2322802.0,2274.0,179.0,659868.0,583983.0,78.0,1,
2021-08-24,180,57256,94,47100,9,2585,2328141.0,5339.0,171.0,,,77.0,1,12.0
2021-08-25,183,57439,105,47205,11,2596,2334691.0,6550.0,167.0,663688.0,589240.0,79.0,1,
2021-08-26,177,57616,113,47318,11,2607,2341413.0,6722.0,168.0,,,78.0,1,11.0
2021-08-27,174,57790,119,47437,9,2616,2348400.0,6987.0,165.0,674849.0,602987.0,79.0,2,11.0
2021-08-28,180,57970,121,47558,11,2627,2354549.0,6149.0,158.0,,,78.0,2,
2021-08-29,173,58143,38,47596,9,2636,2358182.0,3633.0,162.0,,,82.0,1,
2021-08-30,167,58310,32,47628,8,2644,2360811.0,2629.0,164.0,,,78.0,1,12.0
2021-08-31,175,58485,106,47734,13,2657,2365903.0,5092.0,160.0,683033.0,615009.0,80.0,1,11.0
2021-09-01,171,58656,96,47830,10,2667,2372047.0,6144.0,168.0,,,81.0,0,
2021-09-02,166,58822,110,47940,12,2679,2377527.0,5480.0,168.0,,,80.0,0,12.0
2021-09-03,170,58992,109,48049,9,2688,2383311.0,5784.0,167.0,,,78.0,2,
2021-09-04,173,59165,113,48162,11,2699,2388261.0,4950.0,162.0,,,80.0,2,12.0
2021-09-05,168,59333,33,48195,9,2708,2391005.0,2744.0,160.0,,,82.0,0,
2021-09-06,165,59498,37,48232,13,2721,2393480.0,2475.0,162.0,,,81.0,0,11.0
2021-09-07,169,59667,109,48341,10,2731,2398955.0,5475.0,157.0,,,79.0,0,11.0
2021-09-08,160,59827,115,48456,9,2740,2403410.0,4455.0,158.0,,,82.0,1,11.0
2021-09-09,165,59992,108,48564,12,2752,2409447.0,6037.0,148.0,703913.0,649918.0,81.0,1,10.0
2021-09-10,170,60162,124,48688,13,2765,2415800.0,6353.0,137.0,,,82.0,2,10.0
2021-09-11,174,60336,127,48815,9,2774,2421907.0,6107.0,140.0,,,78.0,2,10.0
2021-09-12,171,60507,31,48846,10,2784,2425778.0,3871.0,141.0,,,81.0,1,10.0
2021-09-13,166,60673,35,48881,12,2796,2427675.0,1897.0,147.0,,,80.0,1,10.0
2021-09-14,168,60841,102,48983,9,2805,2432365.0,4690.0,141.0,,,80.0,1,
2021-09-15,172,61013,118,49101,10,2815,2438912.0,6547.0,135.0,,,81.0,1,9.0
2021-09-16,169,61182,113,49214,13,2828,2445786.0,6874.0,132.0,717546.0,669352.0,81.0,1,8.0
2021-09-17,166,61348,97,49311,11,2839,2452819.0,7033.0,135.0,,,80.0,3,9.0
2021-09-21,165,61513,104,49599,39,2878,2470476.0,17657.0,149.0,724000.0,680000.0,79.0,3,
2021-09-22,168,61681,112,49711,13,2891,2477099.0,6623.0,157.0,729097.0,,82.0,2,8.0
2021-09-23,171,61852,108,49819,11,2902,2484090.0,6991.0,160.0,,,82.0,1,9.0
2021-09-24,173,62025,112,49931,13,2915,2491725.0,7635.0,168.0,,,78.0,1,9.0
2021-09-25,168,62193,110,50041,12,2927,2498724.0,6999.0,170.0,,,78.0,1,9.0
2021-09-26,164,62357,35,50076,11,2938,2502609.0,3885.0,173.0,,,80.0,1,8.0
2021-09-27,161,62518,39,50115,13,2951,2504756.0,2147.0,169.0,,,80.0,3,
2021-09-28,166,62684,103,50218,11,2962,2510012.0,5256.0,186.0,,,83.0,3,9.0
2021-09-29,172,62856,114,50322,13,2975,2516947.0,6935.0,196.0,,,84.0,2,8.0
2021-09-30,176,63032,105,50437,10,2985,2523753.0,6806.0,198.0,,,80.0,1,8.0
2021-10-01,172,63204,111,50548,12,2997,2530906.0,7153.0,205.0,746000.0,701000.0,82.0,1,7.0
2021-10-02,167,63371,141,50689,13,3010,2537921.0,7015.0,220.0,,,82.0,1,8.0
2021-10-03,171,63542,43,50732,11,3021,2541295.0,3374.0,220.0,,,83.0,1,8.0
2021-10-04,165,63707,37,50769,12,3033,2544669.0,3374.0,217.0,,,78.0,3,8.0
2021-10-05,169,63876,124,50893,11,3044,2549899.0,5230.0,230.0,,,83.0,3,9.0
2021-10-06,182,64058,131,51024,15,3059,2556527.0,6628.0,244.0,,,79.0,2,8.0
2021-10-07,190,64248,127,51151,14,3073,2563252.0,6725.0,255.0,757000.0,712000.0,76.0,1,8.0
2021-10-08,184,64432,144,51295,12,3085,2571041.0,7789.0,268.0,,,79.0,1,8.0
2021-10-09,177,64609,136,51431,15,3100,2578994.0,7953.0,267.0,,,79.0,1,8.0
2021-10-10,180,64789,39,51470,12,3112,2583092.0,4098.0,266.0,,,77.0,1,8.0
2021-10-11,174,64963,32,51502,15,3127,2585455.0,2363.0,288.0,,,82.0,3,7.0
2021-10-12,178,65141,129,51631,13,3140,2591229.0,5774.0,292.0,,,80.0,3,7.0
2021-10-13,191,65332,131,51762,9,3149,2598850.0,7621.0,277.0,,,79.0,2,7.0
2021-10-14,208,65540,122,51884,13,3162,2605378.0,6528.0,280.0,772000.0,724000.0,80.0,1,7.0
2021-10-15,256,65796,142,52026,12,3174,2614454.0,9076.0,273.0,,,79.0,1,8.0
2021-10-16,241,66037,146,52172,11,3185,2622381.0,7927.0,268.0,,,81.0,1,7.0
2021-10-17,250,66287,39,52211,8,3193,2627832.0,5451.0,278.0,,,78.0,1,7.0
2021-10-18,245,66532,34,52245,16,3209,2630876.0,3044.0,290.0,782234.0,730575.0,79.0,3,8.0
2021-10-19,257,66789,122,52367,8,3217,2638065.0,7189.0,291.0,,,80.0,3,8.0
2021-10-20,271,67060,130,52497,15,3232,2646296.0,8231.0,304.0,,,79.0,2,
2021-10-21,291,67351,126,52623,17,3249,2655364.0,9068.0,303.0,822368.0,752554.0,79.0,1,6.0
2021-10-22,282,67633,147,52770,16,3265,2666207.0,10843.0,312.0,,,80.0,1,
2021-10-23,294,67927,152,52922,9,3274,2675902.0,9695.0,302.0,,,79.0,1,8.0
2021-10-24,281,68208,45,52967,13,3287,2681631.0,5729.0,310.0,,,80.0,1,7.0
2021-10-25,267,68475,39,53006,15,3302,2684315.0,2684.0,314.0,,,80.0,3,8.0
2021-10-26,295,68770,134,53140,11,3313,2692052.0,7737.0,305.0,,,81.0,3,8.0
2021-10-27,319,69089,172,53312,11,3324,2701820.0,9768.0,297.0,,,80.0,2,9.0
2021-10-28,342,69431,166,53478,15,3339,2710710.0,8890.0,279.0,864300.0,,78.0,1,8.0
2021-10-29,337,69768,169,53647,15,3354,2722305.0,11595.0,311.0,,,78.0,1,8.0
2021-10-30,349,70117,188,53835,12,3366,2732707.0,10402.0,313.0,890000.0,790000.0,79.0,1,9.0
2021-10-31,340,70457,49,53884,14,3380,2739986.0,7279.0,306.0,,,81.0,1,9.0
2021-11-01,334,70791,46,53930,15,3395,2743120.0,3134.0,327.0,905797.0,799458.0,78.0,3,9.0
2021-11-02,345,71136,159,54089,14,3409,2749857.0,6737.0,299.0,,,77.0,3,9.0
2021-11-03,368,71504,183,54272,12,3421,2759605.0,9748.0,332.0,939916.0,816288.0,83.0,2,9.0
2021-11-04,392,71896,187,54459,14,3435,2766342.0,6737.0,313.0,,,76.0,1,9.0
2021-11-05,381,72277,54,54513,11,3446,2775240.0,8898.0,341.0,,,78.0,1,9.0
2021-11-06,390,72667,98,54611,15,3461,2781674.0,6434.0,318.0,,,79.0,1,9.0
2021-11-07,385,73052,83,54694,13,3474,2787381.0,5707.0,322.0,,,79.0,1,9.0
2021-11-08,400,73452,79,54773,12,3486,2789706.0,2325.0,341.0,970000.0,831035.0,80.0,3,9.0
2021-11-09,394,73846,162,54935,14,3500,2799244.0,9538.0,325.0,988412.0,842003.0,79.0,3,
2021-11-10,405,74251,179,55114,16,3516,2816267.0,17023.0,357.0,849747.0,,81.0,2,9.0
2021-11-11,399,74650,202,55316,12,3528,2826335.0,10068.0,310.0,1012000.0,856000.0,82.0,1,9.0
2021-11-12,407,75057,213,55529,11,3539,2838697.0,12362.0,325.0,,,76.0,1,8.0
2021-11-13,402,75459,209,55738,14,3553,2848816.0,10119.0,348.0,,,82.0,1,
2021-11-14,397,75856,92,55830,13,3566,2856138.0,7322.0,364.0,,,80.0,1,8.0
2021-11-15,402,76258,89,55919,16,3582,2858926.0,2788.0,422.0,,,84.0,3,9.0
2021-11-16,409,76667,128,56047,13,3595,2867023.0,8097.0,350.0,,,85.0,3,
2021-11-17,395,77062,93,56140,15,3610,2876049.0,9026.0,329.0,,,81.0,2,8.0
2021-11-18,404,77466,102,56242,14,3624,2887252.0,11203.0,336.0,,,79.0,1,9.0
2021-11-19,400,77866,107,56349,12,3636,2899855.0,12603.0,344.0,,,82.0,1,8.0
2021-11-20,392,78258,139,56488,16,3652,2912108.0,12253.0,381.0,,,83.0,1,8.0
2021-11-21,399,78657,58,56546,13,3665,2919738.0,7630.0,370.0,,,81.0,1,9.0
2021-11-22,391,79048,61,56607,14,3679,2923141.0,3403.0,363.0,,,83.0,3,9.0
2021-11-23,400,79448,111,56718,15,3694,2935123.0,11982.0,349.0,,,84.0,3,8.0
2021-11-24,394,79842,98,56816,11,3705,2947786.0,12663.0,360.0,,,82.0,2,9.0
2021-11-25,403,80245,107,56923,14,3719,2959073.0,11287.0,355.0,,,82.0,1,8.0
2021-11-26,396,80641,91,57014,17,3736,2974381.0,15308.0,357.0,,,84.0,1,9.0
2021-11-27,391,81032,113,57127,17,3753,2987270.0,12889.0,362.0,,,82.0,1,9.0
2021-11-28,400,81432,51,57178,14,3767,2996288.0,9018.0,360.0,,,80.0,1,9.0
2021-11-29,393,81825,60,57238,13,3780,3000142.0,3854.0,339.0,,,85.0,3,7.0
2021-11-30,397,82222,113,57351,17,3797,3010595.0,10453.0,332.0,,,80.0,3,7.0
2021-12-01,402,82624,121,57472,17,3814,3022769.0,12174.0,335.0,,,84.0,2,6.0
2021-12-02,391,83015,134,57606,16,3830,3034984.0,12215.0,331.0,,,83.0,1,7.0
2021-12-03,396,83411,128,57734,15,3845,3050315.0,15331.0,309.0,,,82.0,1,6.0
2021-12-04,401,83812,133,57867,14,3859,3064507.0,14192.0,313.0,,,84.0,1,6.0
2021-12-05,392,84204,44,57911,16,3875,3073276.0,8769.0,329.0,,,85.0,1,6.0
2021-12-06,387,84591,52,57963,18,3893,3079043.0,5767.0,330.0,,,84.0,3,6.0
2021-12-07,395,84986,207,58170,14,3907,3090591.0,11548.0,342.0,,,85.0,3,7.0
2021-12-08,399,85385,224,58394,16,3923,3103668.0,13077.0,345.0,,,81.0,2,7.0
2021-12-09,382,85767,240,58634,14,3937,3116613.0,12945.0,353.0,,,84.0,1,6.0
2021-12-10,396,86163,248,58882,11,3948,3132554.0,15941.0,353.0,,,87.0,1,
2021-12-11,389,86552,255,59137,13,3961,3145660.0,13106.0,312.0,,,81.0,1,7.0
2021-12-12,385,86937,120,59257,14,3975,3152628.0,6968.0,,,,84.0,1,7.0
2021-12-13,392,87329,77,59334,12,3987,3159597.0,6969.0,316.0,,,88.0,3,7.0
2021-12-14,398,87727,227,59561,15,4002,3168510.0,8913.0,327.0,,,92.0,3,8.0
2021-12-15,381,88108,258,59819,14,4016,3179366.0,10856.0,340.0,,,84.0,2,7.0
2021-12-16,393,88501,279,60098,12,4028,3190633.0,11267.0,341.0,,,84.0,1,8.0
2021-12-17,385,88886,281,60379,14,4042,3203270.0,12637.0,342.0,,,84.0,1,7.0
2021-12-18,390,89276,297,60676,16,4058,3214617.0,11347.0,333.0,,,85.0,1,8.0
2021-12-19,382,89658,121,60797,13,4071,3221665.0,7048.0,312.0,,,85.0,1,7.0
2021-12-20,378,90036,156,60953,11,4082,3225921.0,4256.0,323.0,,,82.0,3,7.0
2021-12-21,385,90421,360,61313,15,4097,3231987.0,6066.0,327.0,,,82.0,3,8.0
2021-12-22,379,90800,358,61671,13,4110,3244899.0,12912.0,326.0,,,82.0,2,
2021-12-23,372,91172,361,62032,16,4126,3255158.0,10259.0,320.0,,,80.0,1,8.0
2021-12-24,381,91553,378,62410,14,4140,3266542.0,11384.0,307.0,,,82.0,1,8.0
2021-12-25,376,91929,388,62798,11,4151,3275704.0,9162.0,309.0,,,83.0,1,7.0
2021-12-26,374,92303,253,63051,15,4166,3282631.0,6927.0,,,,86.0,1,
2021-12-27,374,92677,242,63293,12,4178,3284743.0,2112.0,329.0,,,82.0,3,8.0
2021-12-28,382,93059,359,63652,13,4191,3290522.0,5779.0,308.0,,,83.0,3,8.0
2021-12-29,377,93436,364,64016,16,4207,3300761.0,10239.0,301.0,,,83.0,2,7.0
2021-12-30,368,93804,342,64358,11,4218,3310499.0,9738.0,303.0,,,86.0,1,
2021-12-31,354,93804,759,64358,12,4230,3316279.0,5780.0,302.0,,,83.0,1,
2022-01-01,322,94126,759,65117,14,4244,3322059.0,5780.0,305.0,,,83.0,1,
2022-01-02,300,94426,334,65451,11,4255,3324855.0,2796.0,298.0,,,82.0,1,
2022-01-03,293,94719,318,65769,14,4269,3326427.0,1572.0,283.0,,,100.0,3,
2022-01-04,285,95004,322,66091,12,4281,3330739.0,4312.0,301.0,,,85.0,3,
2022-01-05,291,95295,307,66398,15,4296,3335409.0,4670.0,288.0,,,86.0,2,
2022-01-06,286,95581,311,66709,11,4307,3340718.0,5309.0,270.0,,,85.0,1,
2022-01-07,274,95855,297,67006,10,4317,3345834.0,5116.0,288.0,,,81.0,1,
2022-01-08,252,96107,303,67309,15,4332,3351071.0,5237.0,256.0,,,86.0,1,
2022-01-09,231,96338,284,67593,13,4345,3359003.0,7932.0,246.0,,,83.0,1,
2022-01-10,225,96563,289,67882,11,4356,3366935.0,7932.0,264.0,,,83.0,3,
2022-01-11,236,96799,291,68173,13,4369,3374866.0,7931.0,251.0,,,86.0,3,
2022-01-12,245,97044,301,68474,15,4384,3382797.0,7931.0,249.0,,,86.0,2,
2022-01-13,251,97295,315,68789,12,4396,3392048.0,9251.0,275.0,,,85.0,1,
2022-01-14,242,97537,309,69098,15,4411,3401239.0,9191.0,274.0,,,85.0,1,
2022-01-15,249,97786,377,69475,13,4424,3409595.0,8356.0,278.0,,,86.0,1,
2022-01-16,237,98023,340,69815,12,4436,3415801.0,6206.0,279.0,,,84.0,1,
2022-01-17,230,98253,316,70131,16,4452,3418593.0,2792.0,275.0,,,85.0,3,
2022-01-18,237,98490,329,70460,12,4464,3423245.0,4652.0,272.0,,,87.0,3,
2022-01-19,249,98739,343,70803,15,4479,3432172.0,8927.0,273.0,,,83.0,2,
2022-01-20,240,98979,357,71160,13,4492,3440972.0,8800.0,266.0,,,85.0,1,
2022-01-21,251,99230,338,71498,11,4503,3449896.0,8924.0,232.0,,,85.0,1,
2022-01-22,258,99488,359,71857,14,4517,3464095.0,14199.0,232.0,,,81.0,1,
2022-01-23,248,99736,291,72148,12,4529,3471733.0,7638.0,244.0,,,86.0,1,
2022-01-24,242,99978,302,72450,11,4540,3476702.0,4969.0,261.0,,,85.0,3,
2022-01-25,261,100239,366,72816,13,4553,3486256.0,9554.0,252.0,,,83.0,3,
2022-01-26,315,100554,349,73165,15,4568,3502404.0,16148.0,256.0,,,82.0,2,
2022-01-27,344,100898,377,73542,12,4580,3517980.0,15576.0,261.0,,,81.0,1,
2022-01-28,511,101409,386,73928,13,4593,3534881.0,16901.0,258.0,,,85.0,1,
2022-01-29,387,101796,427,74355,13,4606,3552567.0,17686.0,270.0,,,84.0,1,
2022-01-30,579,102375,422,74777,11,4617,3568597.0,16030.0,271.0,,,81.0,1,
2022-01-31,604,102979,331,75108,14,4631,3576927.0,8330.0,270.0,,,82.0,3,
2022-02-01,745,103724,395,75503,12,4643,3588550.0,11623.0,247.0,,,85.0,3,8.0
2022-02-02,996,104720,341,75844,16,4659,3610221.0,21671.0,252.0,,,81.0,2,7.0
2022-02-03,1347,106067,0,75844,14,4673,3628788.0,18567.0,253.0,,,84.0,1,8.0
2022-02-04,1874,107941,737,76581,11,4684,3655527.0,26739.0,253.0,,,86.0,1,9.0
2022-02-05,2142,110083,422,77003,13,4697,3677498.0,21971.0,254.0,,,84.0,1,7.0
2022-02-06,2743,112826,306,77309,15,4712,3698532.0,21034.0,252.0,,,84.0,1,12.0
2022-02-07,3129,115955,311,77620,12,4724,3710645.0,12113.0,258.0,,,83.0,3,15.0
2022-02-08,3214,119169,418,78038,15,4739,3733095.0,22450.0,277.0,,,83.0,3,14.0
2022-02-09,3978,123147,424,78462,7,4746,3751784.0,18689.0,279.0,,,83.0,2,16.0
2022-02-10,4394,127541,487,78949,9,4755,3772183.0,20399.0,290.0,,,84.0,1,16.0
2022-02-11,4871,132412,491,79440,6,4761,3792076.0,19893.0,288.0,,,84.0,1,16.0
2022-02-12,5122,137534,487,79927,11,4772,3808401.0,16325.0,288.0,,,83.0,1,16.0
2022-02-13,5349,142883,476,80403,15,4787,3821233.0,12832.0,304.0,,,84.0,1,16.0
2022-02-14,5824,148707,404,80807,13,4800,3828021.0,6788.0,316.0,,,84.0,3,16.0
2022-02-15,5763,154470,469,81276,15,4815,3838529.0,10508.0,327.0,,,85.0,3,16.0
2022-02-16,5428,159898,672,81948,10,4825,3850110.0,11581.0,368.0,,,87.0,2,16.0
2022-02-17,5043,164941,704,82652,13,4838,3862804.0,12694.0,322.0,,,84.0,1,16.0
2022-02-18,5319,170260,788,83440,15,4853,3875935.0,13131.0,328.0,,,89.0,1,16.0
2022-02-19,5483,175743,804,84244,9,4862,3887663.0,11728.0,348.0,,,83.0,1,16.0
2022-02-20,5205,180948,422,84666,13,4875,3895738.0,8075.0,323.0,,,82.0,1,16.0
2022-02-21,5001,185949,415,85081,10,4885,3899573.0,3835.0,307.0,,,86.0,3,16.0
2022-02-22,5128,191077,763,85844,16,4901,3909377.0,9804.0,317.0,,,88.0,3,16.0
2022-02-23,4841,195918,784,86628,14,4915,3921172.0,11795.0,315.0,,,86.0,2,16.0
2022-02-24,4529,200447,917,87545,17,4932,3930713.0,9541.0,342.0,,,87.0,1,16.0
2022-02-25,4796,205243,5377,92922,13,4945,3940370.0,9657.0,335.0,,,85.0,1,16.0
2022-02-26,4432,210029,5482,98404,15,4960,3948262.0,7892.0,310.0,,,86.0,1,16.0
2022-02-27,4208,214237,3218,101622,13,4973,3954180.0,5918.0,316.0,,,86.0,1,16.0
2022-02-28,4047,218284,3707,105329,16,4989,3960064.0,5884.0,312.0,,,88.0,3,16.0
2022-03-01,3591,221875,6619,111948,16,5005,3968536.0,8472.0,316.0,,,82.0,3,16.0
2022-03-02,2912,224787,8300,120248,13,5018,3978458.0,9922.0,305.0,,,87.0,2,16.0
2022-03-03,2573,227360,8794,129042,16,5034,3986458.0,8000.0,304.0,,,85.0,1,16.0
2022-03-04,2416,229776,9745,138787,12,5046,3996958.0,10500.0,299.0,,,88.0,1,16.0
2022-03-05,2131,231907,10572,149359,14,5060,4007368.0,10410.0,296.0,,,88.0,1,16.0
2022-03-06,2008,233915,10312,159671,11,5071,4011888.0,4520.0,297.0,,,86.0,1,16.0
2022-03-07,1976,235891,7009,166680,15,5086,4017213.0,5325.0,279.0,,,90.0,3,16.0
2022-03-08,2057,237948,8463,175143,13,5099,4019267.0,2054.0,270.0,,,86.0,3,16.0
2022-03-09,1935,239883,2784,177927,16,5115,4024422.0,5155.0,270.0,,,84.0,2,16.0
2022-03-10,1302,241185,12351,190278,12,5127,4031407.0,6985.0,267.0,,,92.0,1,16.0
2022-03-11,1139,242324,10113,200391,14,5141,4040064.0,8657.0,260.0,,,85.0,1,16.0
2022-03-12,987,243311,15469,215860,14,5155,4047734.0,7670.0,263.0,,,85.0,1,16.0
2022-03-13,871,244182,5429,221289,16,5171,4050335.0,2601.0,260.0,,,89.0,1,16.0
2022-03-14,690,244872,2112,223401,11,5182,4056051.0,5716.0,233.0,,,89.0,3,16.0
2022-03-15,613,245485,1081,224482,12,5194,4062621.0,6570.0,215.0,,,91.0,3,16.0
2022-03-16,529,246014,905,225387,14,5208,4070495.0,7874.0,212.0,,,83.0,2,16.0
2022-03-17,458,246472,346,225733,12,5220,4078117.0,7622.0,201.0,,,91.0,1,16.0
2022-03-18,407,246879,320,226053,10,5230,4087499.0,9382.0,200.0,,,84.0,1,16.0
2022-03-19,383,247262,344,226397,11,5241,4095031.0,7532.0,187.0,,,86.0,1,16.0
2022-03-20,306,247568,409,226806,12,5253,4097636.0,2605.0,189.0,,,89.0,1,16.0
2022-03-21,294,247862,388,227194,9,5262,4104010.0,6374.0,192.0,,,86.0,3,16.0
2022-03-22,328,248190,406,227600,11,5273,4111463.0,7453.0,190.0,,,73.0,3,16.0
2022-03-23,302,248492,360,227960,12,5285,4120344.0,8881.0,192.0,,,88.0,2,16.0
2022-03-24,293,248785,311,228271,12,5297,4127230.0,6886.0,182.0,,,84.0,1,16.0
2022-03-25,287,249072,335,228606,9,5306,4134218.0,6988.0,172.0,,,86.0,1,16.0
2022-03-26,279,249351,487,229093,10,5316,4136987.0,2769.0,160.0,,,86.0,1,16.0
2022-03-27,268,249619,300,229393,9,5325,4138827.0,1840.0,159.0,,,86.0,1,16.0
2022-03-28,265,249884,319,229712,11,5336,4143775.0,4948.0,164.0,,,82.0,3,16.0
2022-03-29,257,250141,428,230140,13,5349,4148275.0,4500.0,157.0,,,88.0,3,16.0
2022-03-30,251,250392,504,230644,10,5359,4153795.0,5520.0,156.0,,,90.0,2,16.0
2022-03-31,219,250611,780,231424,14,5373,4157920.0,4125.0,158.0,,,89.0,1,16.0
2022-04-01,288,250899,766,232190,10,5383,4163311.0,5391.0,150.0,,,90.0,1,16.0
2022-04-02,236,251135,811,233001,11,5394,4165561.0,2250.0,153.0,,,87.0,1,16.0
2022-04-03,233,251368,1312,234313,9,5403,4170348.0,4787.0,146.0,,,86.0,1,16.0
2022-04-04,446,251814,3746,238059,23,5426,4185861.0,15513.0,148.0,,,92.0,3,16.0
2022-04-05,0,251814,0,238059,0,5426,4185861.0,0.0,148.0,,,89.0,3,16.0
2022-04-06,216,252030,1621,239680,10,5436,4185861.0,0.0,136.0,,,90.0,2,16.0
2022-04-07,209,252239,1693,241373,12,5448,4204371.0,18510.0,117.0,,,89.0,1,16.0
2022-04-08,214,252453,1769,243142,9,5457,4213614.0,9243.0,109.0,,,89.0,1,16.0
2022-04-09,194,252647,1591,244733,9,5466,4222479.0,8865.0,118.0,,,86.0,1,16.0
2022-04-10,191,252838,213,244946,61,5477,4230345.0,7866.0,118.0,,,87.0,1,16.0
2022-04-11,186,253024,228,245174,60,5489,4237205.0,6860.0,122.0,,,91.0,3,16.0
2022-04-12,190,253214,293,245467,10,5499,4244946.0,7741.0,116.0,,,87.0,3,16.0
2022-04-13,179,253393,339,245806,9,5508,4253811.0,8865.0,115.0,,,88.0,2,16.0
2022-04-14,170,253563,307,246113,10,5518,4262618.0,8807.0,107.0,,,90.0,1,16.0
2022-04-15,165,253728,244,246357,49,5529,4271625.0,9007.0,100.0,,,91.0,1,16.0
2022-04-16,163,253891,297,246654,10,5539,4280156.0,8531.0,112.0,,,90.0,1,16.0
2022-04-17,157,254048,288,246942,8,5547,4288138.0,7982.0,88.0,,,91.0,1,16.0
2022-04-18,152,254200,280,247222,10,5557,4295066.0,6928.0,109.0,,,91.0,3,16.0
2022-04-19,154,254354,366,247588,7,5564,4299966.0,4900.0,104.0,,,88.0,3,16.0
2022-04-20,149,254503,372,247960,9,5573,4307025.0,7059.0,98.0,,,87.0,2,16.0
2022-04-21,141,254644,191,248151,8,5581,4313916.0,6891.0,103.0,,,87.0,1,16.0
2022-04-22,133,254777,155,248306,6,5587,4320956.0,7040.0,102.0,,,86.0,1,16.0
2022-04-23,125,254902,142,248448,8,5595,4327233.0,6277.0,102.0,,,91.0,1,16.0
2022-04-24,119,255021,126,248574,7,5602,4332983.0,5750.0,84.0,,,90.0,1,16.0
